align-content,t.all_values
normal,t.baseline_position,t.content_distribution,t.content_position,t.overflow_position,t.all_values
align-items,normal,stretch,t.baseline_position,t.overflow_position,t.self_position,t.all_values
align-self,auto,normal,stretch,t.baseline_position,t.overflow_position,t.self_position,t.all_values
alignment-baseline,after-edge,alphabetic,auto,baseline,before-edge,bottom,center,central,hanging,ideographic,mathematical,middle,text-after-edge,text-before-edge,text-bottom,text-top,top,t.all_values
animation,t.single_animation_direction,t.single_animation_fill_mode,t.single_animation_iteration_count,t.single_animation_name,t.single_animation_play_state,t.single_timing_function,t.time,t.all_values
animation-composition,t.single_animation_composition,t.all_values
animation-delay,t.time,t.all_values
animation-direction,t.single_animation_direction,t.all_values
animation-duration,t.time,t.all_values
animation-fill-mode,t.single_animation_fill_mode,t.all_values
animation-iteration-count,t.single_animation_iteration_count,t.all_values
animation-name,t.single_animation_name,t.all_values
animation-play-state,t.single_animation_play_state,t.all_values
animation-timing-function,t.single_timing_function,t.all_values
appearance,auto,none,t.all_values
backface-visibility,hidden,visible,t.all_values
background-attachment,t.attachment,t.all_values
background-blend-mode,t.blend_mode,t.all_values
background-clip,t.box,t.all_values
background-color,t.color,t.all_values
background-image,t.bg_image,t.all_values
background-image-transform,logical,physical,rotate,t.all_values
background-origin,t.box,t.all_values
background-position,t.position,t.all_values
background-repeat,t.repeat_style,t.all_values
background-size,t.bg_size,t.all_values
background,t.attachment,t.bg_image,t.bg_size,t.box,t.color,t.position,t.repeat_style,t.all_values
baseline-shift,t.baseline_shift,t.all_values
bleed,auto,t.length,t.all_values
block-inline-size,auto,t.length,t.percentage,t.all_values
block-step,auto,center,down,end,margin,nearest,none,padding,start,up,t.length,t.all_values
block-step-align,auto,center,end,start,t.all_values
block-step-insert,margin,padding,t.all_values
block-step-round,down,nearest,up,t.all_values
block-step-size,none,t.length,t.all_values
bookmark-label,t.content_list,t.all_values
bookmark-level,none,t.integer,t.all_values
bookmark-state,closed,open,t.all_values
border,t.border_style,t.border_width,t.color,t.all_values
border-block-inline,t.color,t.line_style,t.line_width,t.all_values
border-block-inline-color,t.color,t.all_values
border-block-inline-style,t.line_style,t.all_values
border-block-inline-width,t.line_width,t.all_values
border-boundary,display,none,parent,t.all_values
border-collapse,collapse,separate,t.all_values
border-color,t.color,t.all_values
border-image,auto,fill,none,repeat,round,space,stretch,t.image,t.integer,t.length,t.number,t.all_values
border-image-outset,t.length,t.number,t.all_values
border-image-repeat,repeat,round,space,stretch,t.all_values
border-image-slice,fill,t.integer,t.percentage,t.all_values
border-image-source,none,t.image,t.all_values
border-image-transform,logical,physical,rotate,t.all_values
border-image-width,auto,t.length,t.number,t.percentage,t.all_values
border-radius,t.length,t.percentage,t.all_values
border-spacing,t.length,t.all_values
border-style,t.border_style,t.all_values
border-top-right-left-bottom,t.border_style,t.border_width,t.color,t.all_values
border-width,t.border_width,t.all_values
box-decoration-break,clone,slice,t.all_values
box-shadow,inset,none,t.color,t.length,t.all_values
box-sizing,border-box,content-box,t.all_values
box-snap,baseline,block-end,block-start,center,last-baseline,none,t.all_values
break-before-after,always,auto,avoid,avoid-column,avoid-page,avoid-region,column,left,page,recto,region,right,verso,t.all_values
break-inside,auto,avoid,avoid-column,avoid-page,avoid-region,t.all_values
caption-side,bottom,inline-end,inline-start,top,t.all_values
caret-color,auto,t.color,t.all_values
caret-shape,t.caret_shape,t.all_values
caret,auto,t.caret_shape,t.color,t.all_values
chains,none,t.identifier,t.all_values
clear,block-end,block-start,both,both-block,both-inline,bottom,inline-end,inline-start,left,none,right,top,t.all_values
clip-path,none,t.url,t.basic_shape,t.geometry_box,t.all_values
clip-rule,evenodd,nonzero,t.all_values
color,t.color,t.all_values
color-adjust,economy,exact,t.all_values
color-gamut,p3,rec2020,srgb,t.all_values
color-interpolation-filters,auto,linearRGB,sRGB,t.all_values
color-rendering,auto,optimizeQuality,optimizeSpeed,t.all_values
columns,auto,t.integer,t.length,t.all_values
column-count,auto,t.integer,t.all_values
column-fill,auto,balance,t.all_values
column-rule,t.color,t.line_style,t.line_width,t.all_values
column-rule-color,t.color,t.all_values
column-rule-style,t.line_style,t.all_values
column-rule-width,t.line_width,t.all_values
column-span,all,auto,none,t.integer,t.all_values
column-width,auto,t.length,t.all_values
composes,from,t.string,t.all_values
contain,content,layout,none,paint,size,strict,style,t.all_values
content,none,normal,t.attr,t.counter,t.counters,t.string,t.content_list,t.image,t.all_values
continue,auto,discard,fragments,overflow,paginate,t.all_values
counter-set-reset-increment,none,t.attr,t.identifier,t.integer,t.all_values
cue-before-after,none,t.url,t.decibel,t.all_values
cursor,alias,all-scroll,auto,cell,col-resize,context-menu,copy,crosshair,default,e-resize,ew-resize,grab,grabbing,help,move,n-resize,ne-resize,nesw-resize,no-drop,none,not-allowed,ns-resize,nw-resize,nwse-resize,pointer,progress,row-resize,s-resize,se-resize,sw-resize,text,vertical-text,w-resize,wait,zoom-in,zoom-out,t.url,t.number,t.all_values
direction,ltr,rtl,t.all_values
display,t.display_box,t.display_inside,t.display_internal,t.display_legacy,t.display_listitem,t.display_outside,t.all_values
dominant-baseline,alphabetic,auto,central,hanging,ideographic,mathematical,middle,text-bottom,text-top,t.all_values
empty-cells,hide,show,t.all_values
fill,t.background,t.all_values
fill-break,bounding-box,clone,slice,t.all_values
fill-color,t.color,t.all_values
fill-image,t.paint,t.all_values
fill-opacity,t.number,t.all_values
fill-origin,border-box,content-box,fill-box,match-parent,padding-box,stroke-box,t.all_values
fill-position,t.position,t.all_values
fill-repeat,t.repeat_style,t.all_values
fill-rule,evenodd,nonzero,t.all_values
fill-size,t.bg_size,t.all_values
filter,none,t.blur,t.drop_shadow,t.filter_func,t.hue_rotate,t.url,t.all_values
flex,auto,content,none,t.length,t.number,t.percentage,t.all_values
flex-basis,auto,content,t.length,t.percentage,t.width,t.all_values
flex-direction,t.flex_direction,t.all_values
flex-flow,t.flex_direction,t.flex_wrap,t.all_values
flex-shrink-grow,t.number,t.all_values
flex-wrap,t.flex_wrap,t.all_values
float,block-end,block-start,bottom,inline-end,inline-start,left,none,right,snap-block,snap-inline,top,t.snap_block,t.snap_inline,t.all_values
float-defer,last,none,t.integer,t.all_values
float-offset,t.length,t.percentage,t.all_values
float-reference,column,inline,page,region,t.all_values
flood-color,t.color,t.all_values
flood-opacity,t.number,t.percentage,t.all_values
flow,auto,same,t.identifier,t.string,t.all_values
flow-from,none,t.identifier,t.all_values
flow-into,content,element,none,t.identifier,t.all_values
font,100,200,300,400,500,600,700,800,900,bold,bolder,caption,condensed,expanded,extra-condensed,extra-expanded,icon,italic,large,larger,lighter,medium,menu,message-box,normal,oblique,semi-condensed,semi-expanded,small,small-caps,small-caption,smaller,status-bar,ultra-condensed,ultra-expanded,x-large,x-small,xx-large,xx-small,t.font_family_generic,t.font_family_name,t.length,t.number,t.percentage,t.all_values
font-family,t.font_family_generic,t.font_family_name,t.all_values
font-feature-settings,normal,t.feature_tag_value,t.all_values
font-kerning,auto,none,normal,t.all_values
font-language-override,normal,t.string,t.all_values
font-optical-sizing,auto,none,t.all_values
font-palette,dark,light,normal,t.identifier,t.all_values
font-presentation,auto,emoji,text,t.all_values
font-size,infinity,large,larger,medium,small,smaller,x-large,x-small,xx-large,xx-small,t.length,t.percentage,t.all_values
font-size-adjust,none,t.number,t.all_values
font-stretch,condensed,expanded,extra-condensed,extra-expanded,normal,semi-condensed,semi-expanded,ultra-condensed,ultra-expanded,t.percentage,t.all_values
font-style,italic,normal,oblique,t.all_values
font-synthesis,none,small-caps,style,weight,t.all_values
font-variant,all-petite-caps,all-small-caps,none,normal,ordinal,petite-caps,ruby,slashed-zero,small-caps,sub,super,titling-caps,unicase,t.annotation,t.character_variant,t.ornaments,t.stylistic,t.styleset,t.swash,t.font_variant,t.all_values
font-variant-alternates,historical-forms,normal,t.annotation,t.character_variant,t.ornaments,t.stylistic,t.styleset,t.swash,t.all_values
font-variant-caps,all-petite-caps,all-small-caps,normal,petite-caps,small-caps,titling-caps,unicase,t.all_values
font-variant-east-asian,normal,ruby,t.east_asian_width_values,t.east_asian_variant_values,t.all_values
font-variant-ligatures,none,normal,t.common_lig_values,t.contextual_alt_values,t.discretionary_lig_values,t.historical_lig_values,t.all_values
font-variant-numeric,normal,ordinal,slashed-zero,t.numeric_figure_values,t.numeric_fraction_values,t.numeric_spacing_values,t.all_values
font-variant-position,normal,sub,super,t.all_values
font-variation-settings,normal,t.string,t.number,t.all_values
font-weight,100,200,300,400,500,600,700,800,900,bold,bolder,lighter,normal,t.all_values
footnote-display,block,compact,inline,t.all_values
footnote-policy,auto,block,line,t.all_values
grid,auto-flow,dense,none,t.string,t.auto_track_list,t.track_list,t.all_values
grid-row-column-area,t.grid_line,t.all_values
grid-row-column-gap,t.length,t.percentage,t.all_values
grid-auto-flow,column,dense,row,t.all_values
grid-auto-rows-columns,t.track_size,t.all_values
grid-template-areas,none,t.string,t.all_values
grid-template-rows-columns,none,t.auto_track_list,t.track_list,t.all_values
grid-template,none,t.line_names,t.string,t.fixed_size,t.track_size,t.all_values
hanging-punctuation,allow-end,first,force-end,last,none,t.all_values
height,auto,fill,fit-content,max-content,min-content,none,t.fit_content,t.length,t.percentage,t.all_values
hover,hover,none,t.all_values
hyphenate-character,auto,t.string,t.all_values
hyphenate-limit-chars,auto,t.integer,t.all_values
hyphenate-limit-last,always,column,none,page,spread,t.all_values
hyphenate-limit-lines,no-limit,t.integer,t.all_values
hyphenate-limit-zone,t.length,t.percentage,t.all_values
hyphens,auto,manual,none,t.all_values
image-orientation,flip,from-image,t.angle,t.all_values
image-rendering,auto,crisp-edges,pixelated,t.all_values
image-resolution,from-image,snap,t.resolution,t.all_values
initial-letter,normal,t.integer,t.number,t.all_values
initial-letter-align,alphabetic,border-box,hanging,hebrew,ideographic,t.all_values
initial-letter-wrap,all,first,grid,none,t.length,t.percentage,t.all_values
inset-block-inline,auto,t.length,t.percentage,t.all_values
inverted-colors,inverted,none,t.all_values
isolation,t.isolation_mode,t.all_values
justify-content,center,flex-end,flex-start,normal,space-around,space-between,t.content_distribution,t.overflow_position,t.content_position,t.all_values
justify-items,center,left,legacy,normal,right,stretch,t.baseline_position,t.overflow_position,t.self_position,t.all_values
justify-self,auto,normal,stretch,t.baseline_position,t.overflow_position,t.self_position,t.all_values
letter-spacing,normal,t.length,t.all_values
light-level,dim,normal,washed,t.all_values
lighting-color,t.color,t.all_values
line-break,auto,loose,normal,strict,t.all_values
line-grid,create,match-parent,t.all_values
line-height,normal,t.length,t.number,t.percentage,t.all_values
line-height-step,none,t.length,t.all_values
line-snap,baseline,contain,none,t.all_values
list-style,inside,none,outside,t.identifier,t.string,t.image,t.all_values
list-style-image,none,t.image,t.all_values
list-style-position,inside,outside,t.all_values
list-style-type,none,t.identifier,t.string,t.symbols,t.all_values
margin,auto,logical,t.length,t.percentage,t.all_values
margin-block-inline,auto,t.length,t.percentage,t.all_values
marker,none,t.length,t.percentage,t.all_values
marker-knockout,t.knockout_offset,t.knockout_shape,t.all_values
marker-pattern,t.marker_gap,t.marker_ref,t.all_values
marker-start-segment-mid-end,none,t.marker_ref,t.all_values
marker-side,list-container,list-item,t.all_values
marks,crop,cross,none,t.all_values
mask,t.mask_layer,t.all_values
mask-border,alpha,auto,fill,luminance,repeat,round,space,stretch,t.image,t.length,t.number,t.percentage,t.all_values
mask-border-mode,alpha,luminance,t.all_values
mask-border-outset,t.length,t.percentage,t.all_values
mask-border-repeat,repeat,round,space,stretch,t.all_values
mask-border-slice,fill,t.number,t.percentage,t.all_values
mask-border-source,t.image,t.all_values
mask-border-width,auto,t.length,t.number,t.percentage,t.all_values
mask-clip,no-clip,t.geometry_box,t.all_values
mask-composite,t.compositing_operator,t.all_values
mask-image,t.mask_reference,t.all_values
mask-mode,t.masking_mode,t.all_values
mask-origin,t.geometry_box,t.all_values
mask-position,t.position,t.all_values
mask-repeat,t.repeat_style,t.all_values
mask-size,t.bg_size,t.all_values
mask-type,alpha,luminance,t.all_values
max-lines,none,t.integer,t.all_values
media-feature-grid,0,1,t.all_values
mix-blend-mode,t.blend_mode,t.all_values
monochrome-color-index,t.integer,t.all_values
motion,auto,none,reverse,t.path,t.url,t.angle,t.basic_shape,t.geometry_box,t.length,t.percentage,t.all_values
motion-offset,t.length,t.percentage,t.all_values
motion-path,none,t.path,t.url,t.basic_shape,t.geometry_box,t.all_values
motion-rotation,auto,reverse,t.angle,t.all_values
nav-up-right-left-down,auto,current,root,t.string,t.all_values
object-fit,contain,cover,fill,none,scale-down,t.all_values
object-position,t.position,t.all_values
offset,auto,none,reverse,t.path,t.ray,t.url,t.angle,t.basic_shape,t.extent_keyword,t.geometry_box,t.length,t.percentage,t.position,t.all_values
offset-anchor,auto,t.position,t.all_values
offset-distance,t.extent_keyword,t.length,t.percentage,t.all_values
offset-path,none,t.path,t.ray,t.url,t.basic_shape,t.geometry_box,t.all_values
offset-position,auto,t.position,t.all_values
offset-rotate,auto,reverse,t.angle,t.all_values
offset-start-end-before-after,auto,t.length,t.percentage,t.all_values
opacity,t.number,t.all_values
order,t.integer,t.all_values
orientation,landscape,portrait,t.all_values
outline,auto,invert,t.border_style,t.border_width,t.color,t.all_values
outline-color,invert,t.color,t.all_values
outline-offset,t.length,t.all_values
outline-style,auto,t.border_style,t.all_values
outline-width,t.border_width,t.all_values
overflow,auto,clip,hidden,scroll,visible,t.all_values
overflow-block,none,optional-paged,paged,scroll,t.all_values
overflow-inline,none,scroll,t.all_values
overflow-wrap,break-word,normal,t.all_values
overflow-x-y,auto,clip,hidden,scroll,visible,t.all_values
padding,logical,t.length,t.percentage,t.all_values
padding-block-inline,t.length,t.percentage,t.all_values
page,auto,t.identifier,t.all_values
page-break-before-after,always,auto,avoid,left,recto,right,verso,t.all_values
page-break-inside,avoid,auto,t.all_values
paint-order,fill,markers,normal,stroke,t.all_values
pause,medium,none,strong,weak,x-strong,x-weak,t.time,t.all_values
perspective,none,t.length,t.all_values
perspective-origin,t.position,t.all_values
place-content,start,end-flex-start,flex-end,center,left,right,space-between,baseline,space-around,space-evenly,stretch,t.all_values
place-self,auto,normal,stretch,t.baseline_position,t.self_position,t.all_values
pointer,coarse,fine,none,t.all_values
pointer-events,all,bounding-box,fill,none,painted,stroke,visible,visibleFill,visiblePainted,visibleStroke,t.all_values
polar-anchor,t.position,t.all_values
polar-angle,t.angle,t.all_values
polar-distance,contain,t.extent_keyword,t.length,t.percentage,t.all_values
polar-origin,auto,t.position,t.all_values
position,absolute,fixed,relative,static,sticky,t.all_values
presentation-level,increment,same,t.integer,t.all_values
quotes,none,t.string,t.all_values
region-fragment,auto,break,t.all_values
resize,block,both,horizontal,inline,none,vertical,t.all_values
resolution,infinite,t.resolution,t.all_values
rest,medium,none,strong,weak,x-strong,x-weak,t.time,t.all_values
rotation,t.angle,t.all_values
rotation-point,t.position,t.all_values
ruby-align,center,space-around,space-between,start,t.all_values
ruby-merge,auto,collapse,separate,t.all_values
ruby-position,inter-character,over,under,t.all_values
running,t.identifier,t.all_values
scan,interlace,progressive,t.all_values
scripting,enabled,initial-only,none,t.all_values
scroll-behavior,auto,smooth,t.all_values
scroll-padding,t.length,t.percentage,t.all_values
scroll-padding-block,t.length,t.percentage,t.all_values
scroll-padding-block-end,t.length,t.percentage,t.all_values
scroll-padding-block-start,t.length,t.percentage,t.all_values
scroll-padding-bottom,t.length,t.percentage,t.all_values
scroll-padding-inline,t.length,t.percentage,t.all_values
scroll-padding-inline-end,t.length,t.percentage,t.all_values
scroll-padding-inline-start,t.length,t.percentage,t.all_values
scroll-padding-left,t.length,t.percentage,t.all_values
scroll-padding-right,t.length,t.percentage,t.all_values
scroll-padding-top,t.length,t.percentage,t.all_values
scroll-snap-align,center,end,none,start,t.all_values
scroll-snap-margin,t.length,t.all_values
scroll-snap-margin-block,t.length,t.all_values
scroll-snap-margin-block-end,t.length,t.all_values
scroll-snap-margin-block-start,t.length,t.all_values
scroll-snap-margin-bottom,t.length,t.all_values
scroll-snap-margin-inline,t.length,t.all_values
scroll-snap-margin-inline-end,t.length,t.all_values
scroll-snap-margin-inline-start,t.length,t.all_values
scroll-snap-margin-left,t.length,t.all_values
scroll-snap-margin-right,t.length,t.all_values
scroll-snap-margin-top,t.length,t.all_values
scroll-snap-stop,always,normal,t.all_values
scroll-snap-type,block,both,inline,mandatory,none,proximity,x,y,t.all_values
shape-image-threshold,t.number,t.all_values
shape-inside,auto,display,outside-shape,shape-box,t.basic_shape,t.image,t.all_values
shape-margin,t.length,t.percentage,t.all_values
shape-outside,none,t.basic_shape,t.image,t.shape_box,t.all_values
shape-rendering,auto,crispEdges,geometricPrecision,optimizeSpeed,t.all_values
size,auto,landscape,portrait,t.page_size,t.length,t.all_values
speak,auto,none,normal,t.all_values
speak-as,digits,literal-punctuation,no-punctuation,normal,spell-out,t.all_values
stop-color,t.color,t.all_values
stop-opacity,t.number,t.all_values
string-set,none,t.attr,t.content,t.identifier,t.url,t.content_list,t.all_values
stroke,t.background,t.all_values
stroke-align,center,inner,outer,t.all_values
stroke-alignment,center,inner,outer,t.all_values
stroke-break,bounding-box,clone,slice,t.all_values
stroke-color,t.color,t.all_values
stroke-dashadjust,compress,dashes,gaps,none,stretch,t.all_values
stroke-dasharray,none,t.dasharray,t.all_values
stroke-dash-corner,none,t.length,t.all_values
stroke-dashcorner,none,t.length,t.all_values
stroke-dash-justify,compress,dashes,gaps,none,stretch,t.all_values
stroke-dashoffset,t.length,t.percentage,t.all_values
stroke-image,t.paint,t.all_values
stroke-linecap,butt,round,square,t.all_values
stroke-linejoin,arcs,bevel,crop,fallback,miter,miter-clip,round,stupid,t.all_values
stroke-miterlimit,t.number,t.all_values
stroke-opacity,t.number,t.all_values
stroke-origin,border-box,content-box,fill-box,match-parent,padding-box,stroke-box,t.all_values
stroke-position,t.position,t.all_values
stroke-repeat,t.repeat_style,t.all_values
stroke-width,t.length,t.percentage,t.all_values
tab-size,t.length,t.number,t.all_values
table-layout,auto,fixed,t.all_values
text-align,center,end,justify,justify-all,left,match-parent,right,start,t.all_values
text-align-all,center,end,justify,left,match-parent,right,start,t.all_values
text-align-last,auto,center,end,justify,left,right,start,t.all_values
text-anchor,end,middle,start,t.all_values
text-combine-upright,all,digits,none,t.integer,t.all_values
text-decoration,blink,dashed,dotted,double,line-through,none,overline,solid,underline,wavy,t.color,t.all_values
text-decoration-color,t.color,t.all_values
text-decoration-line,blink,line-through,none,overline,underline,t.all_values
text-decoration-skip,box-decoration,edges,ink,none,objects,spaces,t.all_values
text-decoration-style,dashed,dotted,double,solid,wavy,t.all_values
text-emphasis,circle,dot,double-circle,filled,none,open,sesame,triangle,t.string,t.color,t.all_values
text-emphasis-color,t.color,t.all_values
text-emphasis-position,left,over,right,under,t.all_values
text-emphasis-style,circle,dot,double-circle,filled,none,open,sesame,triangle,t.string,t.all_values
text-indent,each-line,hanging,t.length,t.percentage,t.all_values
text-justify,auto,inter-character,inter-word,none,t.all_values
text-orientation,mixed,sideways,upright,t.all_values
text-overflow,clip,ellipsis,t.string,t.all_values
text-rendering,auto,geometricPrecision,optimizeLegibility,optimizeSpeed,t.all_values
text-shadow,none,t.color,t.length,t.all_values
text-size-adjust,auto,none,t.percentage,t.all_values
text-space-collapse,collapse,discard,preserve,preserve-auto,preserve-breaks,preserve-spaces,preserve-trim,t.all_values
text-space-trim,discard-after,discard-before,none,trim-inner,t.all_values
text-spacing,allow-end,ideograph-alpha,ideograph-numeric,no-compress,none,normal,punctuation,space-adjacent,space-end,space-start,trim-adjacent,trim-end,trim-start,t.all_values
text-transform,capitalize,full-width,lowercase,none,uppercase,t.all_values
text-underline-position,auto,left,right,under,t.all_values
text-wrap,balance,normal,nowrap,t.all_values
top-right-left-bottom,auto,block-end,block-start,inline-end,inline-start,t.length,t.percentage,t.all_values
transform,none,t.transform_list,t.all_values
transform-box,border-box,fill-box,view-box,t.all_values
transform-origin,t.position,t.all_values
transform-style,auto,flat,preserve-3d,t.all_values
transition,t.single_transition,t.all_values
transition-delay,t.time,t.all_values
transition-duration,t.time,t.all_values
transition-property,all,none,t.identifier,t.all_values
transition-timing-function,t.single_timing_function,t.all_values
unicode-bidi,bidi-override,embed,isolate,isolate-override,normal,plaintext,t.all_values
update,fast,none,slow,t.all_values
user-select,all,auto,contain,none,text,t.all_values
vector-effect,non-scaling-stroke,none,t.all_values
vertical-align,alphabetic,baseline,bottom,center,central,ideographic,mathematical,middle,text-bottom,text-top,top,t.baseline_shift,t.all_values
visibility,collapse,hidden,visible,t.all_values
voice-balance,center,left,leftwards,right,rightwards,t.number,t.all_values
voice-duration,auto,t.time,t.all_values
voice-family,preserve,t.generic_voice,t.voice_name,t.all_values
voice-range-pitch,absolute,high,low,medium,x-high,x-low,t.frequency,t.percentage,t.semitones,t.all_values
voice-rate,fast,medium,normal,slow,x-fast,x-slow,t.percentage,t.all_values
voice-stress,moderate,none,normal,reduced,strong,t.all_values
voice-volume,loud,medium,silent,soft,x-loud,x-soft,t.decibel,t.all_values
white-space,normal,nowrap,pre,pre-line,pre-wrap,pre-wrap-auto,t.all_values
widows-orphans,t.integer,t.all_values
width,auto,fill,fit-content,max-content,min-content,none,t.length,t.percentage,t.all_values
width-height,t.length,t.all_values
will-change,auto,t.animateable_feature,t.all_values
word-break,break-all,keep-all,normal,t.all_values
word-spacing,normal,t.length,t.percentage,t.all_values
word-wrap,break-word,normal,t.all_values
wrap-before-after,auto,avoid,avoid-flex,avoid-line,flex,line,t.all_values
wrap-flow,auto,both,clear,end,maximum,minimum,start,t.all_values
wrap-inside,auto,avoid,t.all_values
wrap-through,none,wrap,t.all_values
writing-mode,horizontal-tb,sideways-lr,sideways-rl,vertical-lr,vertical-rl,t.all_values
z-index,auto,t.integer,t.all_values
