align-content,normal,t.baseline_position,t.content_distribution,t.content_position,t.overflow_position
align-items,normal,stretch,t.baseline_position,t.overflow_position,t.self_position
align-self,auto,normal,stretch,t.baseline_position,t.overflow_position,t.self_position
alignment-baseline,after-edge,alphabetic,auto,baseline,before-edge,bottom,center,central,hanging,ideographic,mathematical,middle,text-after-edge,text-before-edge,text-bottom,text-top,top
animation,t.single_animation_direction,t.single_animation_fill_mode,t.single_animation_iteration_count,t.single_animation_name,t.single_animation_play_state,t.single_timing_function,t.time
animation-composition,t.single_animation_composition
animation-delay,t.time
animation-direction,t.single_animation_direction
animation-duration,t.time
animation-fill-mode,t.single_animation_fill_mode
animation-iteration-count,t.single_animation_iteration_count
animation-name,t.single_animation_name
animation-play-state,t.single_animation_play_state
animation-timing-function,t.single_timing_function
appearance,auto,none
backface-visibility,hidden,visible
background-attachment,t.attachment
background-blend-mode,t.blend_mode
background-clip,t.box
background-color,t.color
background-image,t.bg_image
background-image-transform,logical,physical,rotate
background-origin,t.box
background-position,t.position
background-repeat,t.repeat_style
background-size,t.bg_size
background,t.attachment,t.bg_image,t.bg_size,t.box,t.color,t.position,t.repeat_style
baseline-shift,t.baseline_shift
bleed,auto,t.length
block-inline-size,auto,t.length,t.percentage
block-step,auto,center,down,end,margin,nearest,none,padding,start,up,t.length
block-step-align,auto,center,end,start
block-step-insert,margin,padding
block-step-round,down,nearest,up
block-step-size,none,t.length
bookmark-label,t.content_list
bookmark-level,none,t.integer
bookmark-state,closed,open
border,t.border_style,t.border_width,t.color
border-block-inline,t.color,t.line_style,t.line_width
border-block-inline-color,t.color
border-block-inline-style,t.line_style
border-block-inline-width,t.line_width
border-boundary,display,none,parent
border-collapse,collapse,separate
border-color,t.color
border-image,auto,fill,none,repeat,round,space,stretch,t.image,t.integer,t.length,t.number
border-image-outset,t.length,t.number
border-image-repeat,repeat,round,space,stretch
border-image-slice,fill,t.integer,t.percentage
border-image-source,none,t.image
border-image-transform,logical,physical,rotate
border-image-width,auto,t.length,t.number,t.percentage
border-radius,t.length,t.percentage
border-spacing,t.length
border-style,t.border_style
border-top-right-left-bottom,t.border_style,t.border_width,t.color
border-width,t.border_width
box-decoration-break,clone,slice
box-shadow,inset,none,t.color,t.length
box-sizing,border-box,content-box
box-snap,baseline,block-end,block-start,center,last-baseline,none
break-before-after,always,auto,avoid,avoid-column,avoid-page,avoid-region,column,left,page,recto,region,right,verso
break-inside,auto,avoid,avoid-column,avoid-page,avoid-region
caption-side,bottom,inline-end,inline-start,top
caret-color,auto,t.color
caret-shape,t.caret_shape
caret,auto,t.caret_shape,t.color
chains,none,t.identifier
clear,block-end,block-start,both,both-block,both-inline,bottom,inline-end,inline-start,left,none,right,top
clip-path,none,t.url,t.basic_shape,t.geometry_box
clip-rule,evenodd,nonzero
color,t.color
color-adjust,economy,exact
color-gamut,p3,rec2020,srgb
color-interpolation-filters,auto,linearRGB,sRGB
color-rendering,auto,optimizeQuality,optimizeSpeed
columns,auto,t.integer,t.length
column-count,auto,t.integer
column-fill,auto,balance
column-rule,t.color,t.line_style,t.line_width
column-rule-color,t.color
column-rule-style,t.line_style
column-rule-width,t.line_width
column-span,all,auto,none,t.integer
column-width,auto,t.length
composes,from,t.string
contain,content,layout,none,paint,size,strict,style
content,none,normal,t.attr,t.counter,t.counters,t.string,t.content_list,t.image
continue,auto,discard,fragments,overflow,paginate
counter-set-reset-increment,none,t.attr,t.identifier,t.integer
cue-before-after,none,t.url,t.decibel
cursor,alias,all-scroll,auto,cell,col-resize,context-menu,copy,crosshair,default,e-resize,ew-resize,grab,grabbing,help,move,n-resize,ne-resize,nesw-resize,no-drop,none,not-allowed,ns-resize,nw-resize,nwse-resize,pointer,progress,row-resize,s-resize,se-resize,sw-resize,text,vertical-text,w-resize,wait,zoom-in,zoom-out,t.url,t.number
direction,ltr,rtl
display,t.display_box,t.display_inside,t.display_internal,t.display_legacy,t.display_listitem,t.display_outside
dominant-baseline,alphabetic,auto,central,hanging,ideographic,mathematical,middle,text-bottom,text-top
empty-cells,hide,show
fill,t.background
fill-break,bounding-box,clone,slice
fill-color,t.color
fill-image,t.paint
fill-opacity,t.number
fill-origin,border-box,content-box,fill-box,match-parent,padding-box,stroke-box
fill-position,t.position
fill-repeat,t.repeat_style
fill-rule,evenodd,nonzero
fill-size,t.bg_size
filter,none,t.blur,t.drop_shadow,t.filter_func,t.hue_rotate,t.url
flex,auto,content,none,t.length,t.number,t.percentage
flex-basis,auto,content,t.length,t.percentage,t.width
flex-direction,t.flex_direction
flex-flow,t.flex_direction,t.flex_wrap
flex-shrink-grow,t.number
flex-wrap,t.flex_wrap
float,block-end,block-start,bottom,inline-end,inline-start,left,none,right,snap-block,snap-inline,top,t.snap_block,t.snap_inline
float-defer,last,none,t.integer
float-offset,t.length,t.percentage
float-reference,column,inline,page,region
flood-color,t.color
flood-opacity,t.number,t.percentage
flow,auto,same,t.identifier,t.string
flow-from,none,t.identifier
flow-into,content,element,none,t.identifier
font,100,200,300,400,500,600,700,800,900,bold,bolder,caption,condensed,expanded,extra-condensed,extra-expanded,icon,italic,large,larger,lighter,medium,menu,message-box,normal,oblique,semi-condensed,semi-expanded,small,small-caps,small-caption,smaller,status-bar,ultra-condensed,ultra-expanded,x-large,x-small,xx-large,xx-small,t.font_family_generic,t.font_family_name,t.length,t.number,t.percentage
font-family,t.font_family_generic,t.font_family_name
font-feature-settings,normal,t.feature_tag_value
font-kerning,auto,none,normal
font-language-override,normal,t.string
font-optical-sizing,auto,none
font-palette,dark,light,normal,t.identifier
font-presentation,auto,emoji,text
font-size,infinity,large,larger,medium,small,smaller,x-large,x-small,xx-large,xx-small,t.length,t.percentage
font-size-adjust,none,t.number
font-stretch,condensed,expanded,extra-condensed,extra-expanded,normal,semi-condensed,semi-expanded,ultra-condensed,ultra-expanded,t.percentage
font-style,italic,normal,oblique
font-synthesis,none,small-caps,style,weight
font-variant,all-petite-caps,all-small-caps,none,normal,ordinal,petite-caps,ruby,slashed-zero,small-caps,sub,super,titling-caps,unicase,t.annotation,t.character_variant,t.ornaments,t.stylistic,t.styleset,t.swash,t.font_variant
font-variant-alternates,historical-forms,normal,t.annotation,t.character_variant,t.ornaments,t.stylistic,t.styleset,t.swash
font-variant-caps,all-petite-caps,all-small-caps,normal,petite-caps,small-caps,titling-caps,unicase
font-variant-east-asian,normal,ruby,t.east_asian_width_values,t.east_asian_variant_values
font-variant-ligatures,none,normal,t.common_lig_values,t.contextual_alt_values,t.discretionary_lig_values,t.historical_lig_values
font-variant-numeric,normal,ordinal,slashed-zero,t.numeric_figure_values,t.numeric_fraction_values,t.numeric_spacing_values
font-variant-position,normal,sub,super
font-variation-settings,normal,t.string,t.number
font-weight,100,200,300,400,500,600,700,800,900,bold,bolder,lighter,normal
footnote-display,block,compact,inline
footnote-policy,auto,block,line
grid,auto-flow,dense,none,t.string,t.auto_track_list,t.track_list
grid-row-column-area,t.grid_line
grid-row-column-gap,t.length,t.percentage
grid-auto-flow,column,dense,row
grid-auto-rows-columns,t.track_size
grid-template-areas,none,t.string
grid-template-rows-columns,none,t.auto_track_list,t.track_list
grid-template,none,t.line_names,t.string,t.fixed_size,t.track_size
hanging-punctuation,allow-end,first,force-end,last,none
height,auto,fill,fit-content,max-content,min-content,none,t.fit_content,t.length,t.percentage
hover,hover,none
hyphenate-character,auto,t.string
hyphenate-limit-chars,auto,t.integer
hyphenate-limit-last,always,column,none,page,spread
hyphenate-limit-lines,no-limit,t.integer
hyphenate-limit-zone,t.length,t.percentage
hyphens,auto,manual,none
image-orientation,flip,from-image,t.angle
image-rendering,auto,crisp-edges,pixelated
image-resolution,from-image,snap,t.resolution
initial-letter,normal,t.integer,t.number
initial-letter-align,alphabetic,border-box,hanging,hebrew,ideographic
initial-letter-wrap,all,first,grid,none,t.length,t.percentage
inset-block-inline,auto,t.length,t.percentage
inverted-colors,inverted,none
isolation,t.isolation_mode
justify-content,center,flex-end,flex-start,normal,space-around,space-between,t.content_distribution,t.overflow_position,t.content_position
justify-items,center,left,legacy,normal,right,stretch,t.baseline_position,t.overflow_position,t.self_position
justify-self,auto,normal,stretch,t.baseline_position,t.overflow_position,t.self_position
letter-spacing,normal,t.length
light-level,dim,normal,washed
lighting-color,t.color
line-break,auto,loose,normal,strict
line-grid,create,match-parent
line-height,normal,t.length,t.number,t.percentage
line-height-step,none,t.length
line-snap,baseline,contain,none
list-style,inside,none,outside,t.identifier,t.string,t.image
list-style-image,none,t.image
list-style-position,inside,outside
list-style-type,none,t.identifier,t.string,t.symbols
margin,auto,logical,t.length,t.percentage
margin-block-inline,auto,t.length,t.percentage
marker,none,t.length,t.percentage
marker-knockout,t.knockout_offset,t.knockout_shape
marker-pattern,t.marker_gap,t.marker_ref
marker-start-segment-mid-end,none,t.marker_ref
marker-side,list-container,list-item
marks,crop,cross,none
mask,t.mask_layer
mask-border,alpha,auto,fill,luminance,repeat,round,space,stretch,t.image,t.length,t.number,t.percentage
mask-border-mode,alpha,luminance
mask-border-outset,t.length,t.percentage
mask-border-repeat,repeat,round,space,stretch
mask-border-slice,fill,t.number,t.percentage
mask-border-source,t.image
mask-border-width,auto,t.length,t.number,t.percentage
mask-clip,no-clip,t.geometry_box
mask-composite,t.compositing_operator
mask-image,t.mask_reference
mask-mode,t.masking_mode
mask-origin,t.geometry_box
mask-position,t.position
mask-repeat,t.repeat_style
mask-size,t.bg_size
mask-type,alpha,luminance
max-lines,none,t.integer
media-feature-grid,0,1
mix-blend-mode,t.blend_mode
monochrome-color-index,t.integer
motion,auto,none,reverse,t.path,t.url,t.angle,t.basic_shape,t.geometry_box,t.length,t.percentage
motion-offset,t.length,t.percentage
motion-path,none,t.path,t.url,t.basic_shape,t.geometry_box
motion-rotation,auto,reverse,t.angle
nav-up-right-left-down,auto,current,root,t.string
object-fit,contain,cover,fill,none,scale-down
object-position,t.position
offset,auto,none,reverse,t.path,t.ray,t.url,t.angle,t.basic_shape,t.extent_keyword,t.geometry_box,t.length,t.percentage,t.position
offset-anchor,auto,t.position
offset-distance,t.extent_keyword,t.length,t.percentage
offset-path,none,t.path,t.ray,t.url,t.basic_shape,t.geometry_box
offset-position,auto,t.position
offset-rotate,auto,reverse,t.angle
offset-start-end-before-after,auto,t.length,t.percentage
opacity,t.number
order,t.integer
orientation,landscape,portrait
outline,auto,invert,t.border_style,t.border_width,t.color
outline-color,invert,t.color
outline-offset,t.length
outline-style,auto,t.border_style
outline-width,t.border_width
overflow,auto,clip,hidden,scroll,visible
overflow-block,none,optional-paged,paged,scroll
overflow-inline,none,scroll
overflow-wrap,break-word,normal
overflow-x-y,auto,clip,hidden,scroll,visible
padding,logical,t.length,t.percentage
padding-block-inline,t.length,t.percentage
page,auto,t.identifier
page-break-before-after,always,auto,avoid,left,recto,right,verso
page-break-inside,avoid,auto
paint-order,fill,markers,normal,stroke
pause,medium,none,strong,weak,x-strong,x-weak,t.time
perspective,none,t.length
perspective-origin,t.position
place-content
normal,t.baseline_position,t.content_distribution,t.overflow_position,t.content_position,place-items
auto,normal,stretch
t.baseline_position,t.self_position
place-self,auto,normal,stretch,t.baseline_position,t.self_position
pointer,coarse,fine,none
pointer-events,all,bounding-box,fill,none,painted,stroke,visible,visibleFill,visiblePainted,visibleStroke
polar-anchor,t.position
polar-angle,t.angle
polar-distance,contain,t.extent_keyword,t.length,t.percentage
polar-origin,auto,t.position
position,absolute,fixed,relative,static,sticky
presentation-level,increment,same,t.integer
quotes,none,t.string
region-fragment,auto,break
resize,block,both,horizontal,inline,none,vertical
resolution,infinite,t.resolution
rest,medium,none,strong,weak,x-strong,x-weak,t.time
rotation,t.angle
rotation-point,t.position
ruby-align,center,space-around,space-between,start
ruby-merge,auto,collapse,separate
ruby-position,inter-character,over,under
running,t.identifier
scan,interlace,progressive
scripting,enabled,initial-only,none
scroll-behavior,auto,smooth
scroll-padding,t.length,t.percentage
scroll-padding-block,t.length,t.percentage
scroll-padding-block-end,t.length,t.percentage
scroll-padding-block-start,t.length,t.percentage
scroll-padding-bottom,t.length,t.percentage
scroll-padding-inline,t.length,t.percentage
scroll-padding-inline-end,t.length,t.percentage
scroll-padding-inline-start,t.length,t.percentage
scroll-padding-left,t.length,t.percentage
scroll-padding-right,t.length,t.percentage
scroll-padding-top,t.length,t.percentage
scroll-snap-align,center,end,none,start
scroll-snap-margin,t.length
scroll-snap-margin-block,t.length
scroll-snap-margin-block-end,t.length
scroll-snap-margin-block-start,t.length
scroll-snap-margin-bottom,t.length
scroll-snap-margin-inline,t.length
scroll-snap-margin-inline-end,t.length
scroll-snap-margin-inline-start,t.length
scroll-snap-margin-left,t.length
scroll-snap-margin-right,t.length
scroll-snap-margin-top,t.length
scroll-snap-stop,always,normal
scroll-snap-type,block,both,inline,mandatory,none,proximity,x,y
shape-image-threshold,t.number
shape-inside,auto,display,outside-shape,shape-box,t.basic_shape,t.image
shape-margin,t.length,t.percentage
shape-outside,none,t.basic_shape,t.image,t.shape_box
shape-rendering,auto,crispEdges,geometricPrecision,optimizeSpeed
size,auto,landscape,portrait,t.page_size,t.length
speak,auto,none,normal
speak-as,digits,literal-punctuation,no-punctuation,normal,spell-out
stop-color,t.color
stop-opacity,t.number
string-set,none,t.attr,t.content,t.identifier,t.url,t.content_list
stroke,t.background
stroke-align,center,inner,outer
stroke-alignment,center,inner,outer
stroke-break,bounding-box,clone,slice
stroke-color,t.color
stroke-dashadjust,compress,dashes,gaps,none,stretch
stroke-dasharray,none,t.dasharray
stroke-dash-corner,none,t.length
stroke-dashcorner,none,t.length
stroke-dash-justify,compress,dashes,gaps,none,stretch
stroke-dashoffset,t.length,t.percentage
stroke-image,t.paint
stroke-linecap,butt,round,square
stroke-linejoin,arcs,bevel,crop,fallback,miter,miter-clip,round,stupid
stroke-miterlimit,t.number
stroke-opacity,t.number
stroke-origin,border-box,content-box,fill-box,match-parent,padding-box,stroke-box
stroke-position,t.position
stroke-repeat,t.repeat_style
stroke-width,t.length,t.percentage
tab-size,t.length,t.number
table-layout,auto,fixed
text-align,center,end,justify,justify-all,left,match-parent,right,start
text-align-all,center,end,justify,left,match-parent,right,start
text-align-last,auto,center,end,justify,left,right,start
text-anchor,end,middle,start
text-combine-upright,all,digits,none,t.integer
text-decoration,blink,dashed,dotted,double,line-through,none,overline,solid,underline,wavy,t.color
text-decoration-color,t.color
text-decoration-line,blink,line-through,none,overline,underline
text-decoration-skip,box-decoration,edges,ink,none,objects,spaces
text-decoration-style,dashed,dotted,double,solid,wavy
text-emphasis,circle,dot,double-circle,filled,none,open,sesame,triangle,t.string,t.color
text-emphasis-color,t.color
text-emphasis-position,left,over,right,under
text-emphasis-style,circle,dot,double-circle,filled,none,open,sesame,triangle,t.string
text-indent,each-line,hanging,t.length,t.percentage
text-justify,auto,inter-character,inter-word,none
text-orientation,mixed,sideways,upright
text-overflow,clip,ellipsis,t.string
text-rendering,auto,geometricPrecision,optimizeLegibility,optimizeSpeed
text-shadow,none,t.color,t.length
text-size-adjust,auto,none,t.percentage
text-space-collapse,collapse,discard,preserve,preserve-auto,preserve-breaks,preserve-spaces,preserve-trim
text-space-trim,discard-after,discard-before,none,trim-inner
text-spacing,allow-end,ideograph-alpha,ideograph-numeric,no-compress,none,normal,punctuation,space-adjacent,space-end,space-start,trim-adjacent,trim-end,trim-start
text-transform,capitalize,full-width,lowercase,none,uppercase
text-underline-position,auto,left,right,under
text-wrap,balance,normal,nowrap
top-right-left-bottom,auto,block-end,block-start,inline-end,inline-start,t.length,t.percentage
transform,none,t.transform_list
transform-box,border-box,fill-box,view-box
transform-origin,t.position
transform-style,auto,flat,preserve-3d
transition,t.single_transition
transition-delay,t.time
transition-duration,t.time
transition-property,all,none,t.identifier
transition-timing-function,t.single_timing_function
unicode-bidi,bidi-override,embed,isolate,isolate-override,normal,plaintext
update,fast,none,slow
user-select,all,auto,contain,none,text
vector-effect,non-scaling-stroke,none
vertical-align,alphabetic,baseline,bottom,center,central,ideographic,mathematical,middle,text-bottom,text-top,top,t.baseline_shift
visibility,collapse,hidden,visible
voice-balance,center,left,leftwards,right,rightwards,t.number
voice-duration,auto,t.time
voice-family,preserve,t.generic_voice,t.voice_name
voice-range-pitch,absolute,high,low,medium,x-high,x-low,t.frequency,t.percentage,t.semitones
voice-rate,fast,medium,normal,slow,x-fast,x-slow,t.percentage
voice-stress,moderate,none,normal,reduced,strong
voice-volume,loud,medium,silent,soft,x-loud,x-soft,t.decibel
white-space,normal,nowrap,pre,pre-line,pre-wrap,pre-wrap-auto
widows-orphans,t.integer
width,auto,fill,fit-content,max-content,min-content,none,t.length,t.percentage
width-height,t.length
will-change,auto,t.animateable_feature
word-break,break-all,keep-all,normal
word-spacing,normal,t.length,t.percentage
word-wrap,break-word,normal
wrap-before-after,auto,avoid,avoid-flex,avoid-line,flex,line
wrap-flow,auto,both,clear,end,maximum,minimum,start
wrap-inside,auto,avoid
wrap-through,none,wrap
writing-mode,horizontal-tb,sideways-lr,sideways-rl,vertical-lr,vertical-rl
z-index,auto,t.integer
