align-content, align-content
align-items, align-items
align-self, align-self
alignment-baseline, alignment-baseline
all, all
animation, animation
animation-composition, animation-composition
animation-delay, animation-delay
animation-direction, animation-direction
animation-duration, animation-duration
animation-fill-mode, animation-fill-mode
animation-iteration-count, animation-iteration-count
animation-name, animation-name
animation-play-state, animation-play-state
animation-timing-function, animation-timing-function
backface-visibility, backface-visibility
background, background
background-attachment, background-attachment
background-blend-mode, background-blend-mode
background-clip, background-clip
background-color, background-color
background-image, background-image
background-image-transform, background-image-transform
background-origin, background-origin
background-position, background-position
background-repeat, background-repeat
background-size, background-size
baseline-shift, baseline-shift
bleed, bleed
block-size, block-size
block-step, block-step
block-step-align, block-step-align
block-step-insert, block-step-insert
block-step-round, block-step-round
block-step-size, block-step-size
bookmark-label, bookmark-label
bookmark-level, bookmark-level
bookmark-state, bookmark-state
border, border
border-block, border-block
border-block-color, border-block-color
border-block-end, border-block-end
border-block-end-color, border-block-end-color
border-block-end-style, border-block-end-style
border-block-end-width, border-block-end-width
border-block-start, border-block-start
border-block-start-color, border-block-start-color
border-block-start-style, border-block-start-style
border-block-start-width, border-block-start-width
border-block-style, border-block-style
border-block-width, border-block-width
border-bottom, border-bottom
border-bottom-color, border-bottom-color
border-bottom-leftradius, border-bottom-leftradius
border-bottom-right-radius, border-bottom-right-radius
border-bottom-style, border-bottom-style
border-bottom-width, border-bottom-width
border-boundary, border-boundary
border-collapse, border-collapse
border-color, border-color
border-image, border-image
border-image-outset, border-image-outset
border-image-repeat, border-image-repeat
border-image-slice, border-image-slice
border-image-source, border-image-source
border-image-transform, border-image-transform
border-image-width, border-image-width
border-inline, border-inline
border-inline-color, border-inline-color
border-inline-end, border-inline-end
border-inline-end-color, border-inline-end-color
border-inline-end-style, border-inline-end-style
border-inline-end-width, border-inline-end-width
border-inline-start, border-inline-start
border-inline-start-color, border-inline-start-color
border-inline-start-style, border-inline-start-style
border-inline-start-width, border-inline-start-width
border-inline-style, border-inline-style
border-inline-width, border-inline-width
border-left, border-left
border-left-color, border-left-color
border-left-style, border-left-style
border-left-width, border-left-width
border-radius, border-radius
border-right, border-right
border-right-color, border-right-color
border-right-style, border-right-style
border-right-width, border-right-width
border-spacing, border-spacing
border-style, border-style
border-top, border-top
border-top-color, border-top-color
border-top-left-radius, border-top-left-radius
border-top-right-radius, border-top-right-radius
border-top-style, border-top-style
border-top-width, border-top-width
border-width, border-width
bottom, bottom
box-decoration-break, box-decoration-break
box-shadow, box-shadow
box-sizing, box-sizing
box-snap, box-snap
break-after, break-after
break-before, break-before
break-inside, break-inside
caption-side, caption-side
caret, caret
caret-color, caret-color
caret-shape, caret-shape
chains, chains
clear, clear
clip-path, clip-path
clip-rule, clip-rule
color, color
color-adjust, color-adjust
color-interpolation-filters, color-interpolation-filters
color-rendering, color-rendering
column-count, column-count
column-fill, column-fill
column-gap, column-gap
column-rule, column-rule
column-rule-color, column-rule-color
column-rule-style, column-rule-style
column-rule-width, column-rule-width
column-span, column-span
column-width, column-width
columns, columns
composes, composes
contain, contain
content, content
continue, continue
counter-increment, counter-increment
counter-reset, counter-reset
counter-set, counter-set
cue, cue
cue-after, cue-after
cue-before, cue-before
cursor, cursor
direction, direction
display, display
dominant-baseline, dominant-baseline
empty-cells, empty-cells
fill, fill
fill-break, fill-break
fill-color, fill-color
fill-image, fill-image
fill-opacity, fill-opacity
fill-origin, fill-origin
fill-position, fill-position
fill-repeat, fill-repeat
fill-rule, fill-rule
fill-size, fill-size
filter, filter
flex, flex
flex-basis, flex-basis
flex-direction, flex-direction
flex-flow, flex-flow
flex-grow, flex-grow
flex-shrink, flex-shrink
flex-wrap, flex-wrap
float, float
float-defer, float-defer
float-offset, float-offset
float-reference, float-reference
flood-color, flood-color
flood-opacity, flood-opacity
flow, flow
flow-from, flow-from
flow-into, flow-into
font, font
font-family, font-family
font-feature-settings, font-feature-settings
font-kerning, font-kerning
font-language-override, font-language-override
font-max-size, font-max-size
font-min-size, font-min-size
font-optical-sizing, font-optical-sizing
font-palette, font-palette
font-presentation, font-presentation
font-size, font-size
font-size-adjust, font-size-adjust
font-stretch, font-stretch
font-style, font-style
font-synthesis, font-synthesis
font-variant, font-variant
font-variant-alternates, font-variant-alternates
font-variant-caps, font-variant-caps
font-variant-east-asian, font-variant-east-asian
font-variant-ligatures, font-variant-ligatures
font-variant-numeric, font-variant-numeric
font-variant-position, font-variant-position
font-variation-settings, font-variation-settings
font-weight, font-weight
footnote-display, footnote-display
footnote-policy, footnote-policy
gap, gap
grid, grid
grid-area, grid-area
grid-auto-columns, grid-auto-columns
grid-auto-flow, grid-auto-flow
grid-auto-rows, grid-auto-rows
grid-column, grid-column
grid-column-end, grid-column-end
grid-column-start, grid-column-start
grid-gap, grid-gap
grid-row, grid-row
grid-row-end, grid-row-end
grid-row-start, grid-row-start
grid-template, grid-template
grid-template-areas, grid-template-areas
grid-template-columns, grid-template-columns
grid-template-rows, grid-template-rows
hanging-punctuation, hanging-punctuation
height, height
hyphenate-character, hyphenate-character
hyphenate-limit-chars, hyphenate-limit-chars
hyphenate-limit-last, hyphenate-limit-last
hyphenate-limit-lines, hyphenate-limit-lines
hyphenate-limit-zone, hyphenate-limit-zone
hyphens, hyphens
image-orientation, image-orientation
image-rendering, image-rendering
image-resolution, image-resolution
initial-letter, initial-letter
initial-letter-align, initial-letter-align
initial-letter-wrap, initial-letter-wrap
inline-size, inline-size
inset, inset
inset-block, inset-block
inset-block-end, inset-block-end
inset-block-start, inset-block-start
inset-inline-end, inset-inline-end
inset-inline-start, inset-inline-start
isolation, isolation
justify-content, justify-content
justify-items, justify-items
justify-self, justify-self
left, left
letter-spacing, letter-spacing
lighting-color, lighting-color
line-break, line-break
line-grid, line-grid
line-height, line-height
line-height-step, line-height-step
line-snap, line-snap
list-style, list-style
list-style-image, list-style-image
list-style-position, list-style-position
list-style-type, list-style-type
margin, margin
margin-block, margin-block
margin-block-end, margin-block-end
margin-block-start, margin-block-start
margin-bottom, margin-bottom
margin-inline, margin-inline
margin-inline-end, margin-inline-end
margin-inline-start, margin-inline-start
margin-left, margin-left
margin-right, margin-right
margin-top, margin-top
marker, marker
marker-end, marker-end
marker-knockout-left, marker-knockout-left
marker-knockout-right, marker-knockout-right
marker-mid, marker-mid
marker-pattern, marker-pattern
marker-segment, marker-segment
marker-side, marker-side
marker-start, marker-start
marks, marks
mask, mask
mask-border, mask-border
mask-border-mode, mask-border-mode
mask-border-outset, mask-border-outset
mask-border-repeat, mask-border-repeat
mask-border-slice, mask-border-slice
mask-border-source, mask-border-source
mask-border-width, mask-border-width
mask-clip, mask-clip
mask-composite, mask-composite
mask-image, mask-image
mask-mode, mask-mode
mask-origin, mask-origin
mask-position, mask-position
mask-repeat, mask-repeat
mask-size, mask-size
mask-type, mask-type
max-block-size, max-block-size
max-height, max-height
max-inline-size, max-inline-size
max-lines, max-lines
max-width, max-width
min-block-size, min-block-size
min-height, min-height
min-inline-size, min-inline-size
min-width, min-width
mix-blend-mode, mix-blend-mode
motion, motion
motion-offset, motion-offset
motion-path, motion-path
motion-rotation, motion-rotation
nav-down, nav-down
nav-left, nav-left
nav-right, nav-right
nav-up, nav-up
object-fit, object-fit
object-position, object-position
offset, offset
offset-after, offset-after
offset-anchor, offset-anchor
offset-before, offset-before
offset-distance, offset-distance
offset-end, offset-end
offset-path, offset-path
offset-position, offset-position
offset-rotate, offset-rotate
offset-start, offset-start
opacity, opacity
order, order
orphans, orphans
outline, outline
outline-color, outline-color
outline-offset, outline-offset
outline-style, outline-style
outline-width, outline-width
overflow, overflow
overflow-wrap, overflow-wrap
overflow-x, overflow-x
overflow-y, overflow-y
padding, padding
padding-block, padding-block
padding-block-end, padding-block-end
padding-block-start, padding-block-start
padding-bottom, padding-bottom
padding-inline-end, padding-inline-end
padding-inline-start, padding-inline-start
padding-left, padding-left
padding-right, padding-right
padding-top, padding-top
page, page
page-break-after, page-break-after
page-break-before, page-break-before
page-break-inside, page-break-inside
paint-order, paint-order
pause, pause
pause-after, pause-after
pause-before, pause-before
perspective, perspective
perspective-origin, perspective-origin
place-content, place-content
place-items, place-items
place-self, place-self
pointer-events, pointer-events
polar-anchor, polar-anchor
polar-angle, polar-angle
polar-distance, polar-distance
polar-origin, polar-origin
position, position
presentation-level, presentation-level
quotes, quotes
region-fragment, region-fragment
resize, resize
rest, rest
rest-after, rest-after
rest-before, rest-before
right, right
rotation, rotation
rotation-point, rotation-point
row-gap, row-gap
ruby-align, ruby-align
ruby-merge, ruby-merge
ruby-position, ruby-position
running, running
scroll-behavior, scroll-behavior
scroll-padding, scroll-padding
scroll-snap-align, scroll-snap-align
scroll-snap-stop, scroll-snap-stop
scroll-snap-type, scroll-snap-type
shape-image-threshold, shape-image-threshold
shape-inside, shape-inside
shape-margin, shape-margin
shape-outside, shape-outside
shape-rendering, shape-rendering
size, size
speak, speak
speak-as, speak-as
stop-color, stop-color
stop-opacity, stop-opacity
string-set, string-set
stroke, stroke
stroke-align, stroke-align
stroke-alignment, stroke-alignment
stroke-break, stroke-break
stroke-color, stroke-color
stroke-dash-corner, stroke-dash-corner
stroke-dash-justify, stroke-dash-justify
stroke-dashadjust, stroke-dashadjust
stroke-dasharray, stroke-dasharray
stroke-dashcorner, stroke-dashcorner
stroke-dashoffset, stroke-dashoffset
stroke-image, stroke-image
stroke-linecap, stroke-linecap
stroke-linejoin, stroke-linejoin
stroke-miterlimit, stroke-miterlimit
stroke-opacity, stroke-opacity
stroke-origin, stroke-origin
stroke-position, stroke-position
stroke-repeat, stroke-repeat
stroke-width, stroke-width
tab-size, tab-size
table-layout, table-layout
text-align, text-align
text-align-all, text-align-all
text-align-last, text-align-last
text-anchor, text-anchor
text-combine-upright, text-combine-upright
text-decoration, text-decoration
text-decoration-color, text-decoration-color
text-decoration-line, text-decoration-line
text-decoration-skip, text-decoration-skip
text-decoration-style, text-decoration-style
text-emphasis, text-emphasis
text-emphasis-color, text-emphasis-color
text-emphasis-position, text-emphasis-position
text-emphasis-style, text-emphasis-style
text-indent, text-indent
text-justify, text-justify
text-orientation, text-orientation
text-overflow, text-overflow
text-rendering, text-rendering
text-shadow, text-shadow
text-size-adjust, text-size-adjust
text-space-collapse, text-space-collapse
text-space-trim, text-space-trim
text-spacing, text-spacing
text-transform, text-transform
text-underline-position, text-underline-position
text-wrap, text-wrap
top, top
transform, transform
transform-box, transform-box
transform-origin, transform-origin
transform-style, transform-style
transition, transition
transition-delay, transition-delay
transition-duration, transition-duration
transition-property, transition-property
transition-timing-function, transition-timing-function
unicode-bidi, unicode-bidi
user-select, user-select
vector-effect, vector-effect
vertical-align, vertical-align
visibility, visibility
voice-balance, voice-balance
voice-duration, voice-duration
voice-family, voice-family
voice-pitch, voice-pitch
voice-range, voice-range
voice-rate, voice-rate
voice-stress, voice-stress
voice-volume, voice-volume
white-space, white-space
widows, widows
width, width
will-change, will-change
word-break, word-break
word-spacing, word-spacing
word-wrap, word-wrap
wrap-after, wrap-after
wrap-before, wrap-before
wrap-flow, wrap-flow
wrap-inside, wrap-inside
wrap-through, wrap-through
writing-mode, writing-mode
z-index, z-index
any-hover, any-hover
any-pointer, any-pointer
aspect-ratio, aspect-ratio
color, color
color-gamut, color-gamut
color-index, color-index
grid,
hover, hover
inverted-colors, inverted-colors
light-level, light-level
max-aspect-ratio, max-aspect-ratio
max-color, max-color
max-color-index, max-color-index
max-height, max-height
max-monochrome, max-monochrome
max-resolution, max-resolution
max-width, max-width
min-aspect-ratio, min-aspect-ratio
min-color, min-color
min-color-index, min-color-index
min-height, min-height
min-monochrome, min-monochrome
min-resolution, min-resolution
min-width, min-width
monochrome, monochrome
orientation, orientation
overflow-block, overflow-block
overflow-inline, overflow-inline
pointer, pointer
resolution, resolution
scan, scan
scripting,
update, update
